{
  "summary": {
    "total_trades": 429,
    "total_pnl": 58652.49999999999,
    "avg_pnl": 136.7191142191142,
    "winning_trades": 197,
    "losing_trades": 230,
    "win_rate_pct": 45.92074592074592,
    "avg_win": 1497.1129441624366,
    "avg_loss": -1027.2989130434783,
    "max_profit": 11943.75,
    "max_loss": -4030.000000000002,
    "median_duration_seconds": 75.564395,
    "avg_duration_seconds": 179.49689057342658,
    "by_option_type": {
      "CE": 213,
      "PE": 216
    },
    "by_index_name": {
      "NIFTY": 304,
      "SENSEX": 125
    }
  },
  "count": 429
}